siteId,value,role
E1,P-1234,PRESENTER
E1,U-34d1c29f,PARTICIPANT
E1,U-9ec37829,PARTICIPANT
E1,U-57780d48,PARTICIPANT
E1,U-fdc26050,PARTICIPANT
E1,U-729c66b6,PARTICIPANT
E1,U-d9586fbe,PARTICIPANT
E1,U-a00b1e98,PARTICIPANT
E1,U-a10cd32f,PARTICIPANT
E1,U-3a2a4637,PARTICIPANT
E1,U-f0c611c5,PARTICIPANT
E1,U-20ace7b3,PARTICIPANT
E1,U-432e959c,PARTICIPANT
E1,U-de2980aa,PARTICIPANT
E1,U-7a99465c,PARTICIPANT
E1,U-c0f55bf8,PARTICIPANT
E1,U-872b0c75,PARTICIPANT
E1,U-cc338d63,PARTICIPANT
E1,U-62094660,PARTICIPANT
E1,U-408bce3b,PARTICIPANT
E1,U-710872e0,PARTICIPANT
E1,U-c54e5356,PARTICIPANT
E1,U-9826c64b,PARTICIPANT
E1,U-37ebad97,PARTICIPANT
E1,U-ab92fb05,PARTICIPANT
E1,U-fc3129bb,PARTICIPANT
E1,U-19b85ee1,PARTICIPANT
E1,U-9dcac0a8,PARTICIPANT
E1,U-30f0408f,PARTICIPANT
E1,U-c9af824b,PARTICIPANT
E1,U-1fcad4d5,PARTICIPANT
E1,U-94a0779a,PARTICIPANT
E1,U-c1dcfc7a,PARTICIPANT
E1,U-207e65ee,PARTICIPANT
E1,U-6887f7e7,PARTICIPANT
E1,U-88d4aeda,PARTICIPANT
E1,U-21eca118,PARTICIPANT
E1,U-2ad4a5fa,PARTICIPANT
E1,U-cfa070f4,PARTICIPANT
E1,U-3bd5aaf1,PARTICIPANT
E1,U-560f791b,PARTICIPANT
E1,U-3a34f005,PARTICIPANT
E1,U-e974beb2,PARTICIPANT
E1,U-12d4d639,PARTICIPANT
E1,U-1a3bcafc,PARTICIPANT
E1,U-b2386674,PARTICIPANT
E1,U-b4b6ae74,PARTICIPANT
E1,U-efb3a30c,PARTICIPANT
E1,U-822a18ec,PARTICIPANT
E1,U-20aab108,PARTICIPANT
E1,U-77079ba8,PARTICIPANT
E2,P-12345,PRESENTER
E2,U-d17a8a12,PARTICIPANT
E2,U-ab98c3c0,PARTICIPANT
E2,U-ce9edf52,PARTICIPANT
E2,U-779ce335,PARTICIPANT
E2,U-98f24297,PARTICIPANT
E2,U-6c934101,PARTICIPANT
E2,U-993bd020,PARTICIPANT
E2,U-e9f390a9,PARTICIPANT
E2,U-91d36212,PARTICIPANT
E2,U-76d26681,PARTICIPANT
E2,U-e91014aa,PARTICIPANT
E2,U-a1b4f2fc,PARTICIPANT
E2,U-6f76ab4e,PARTICIPANT
E2,U-6398df55,PARTICIPANT
E2,U-d71091a7,PARTICIPANT
E2,U-bfc5c039,PARTICIPANT
E2,U-9fb44ca1,PARTICIPANT
E2,U-97fafd62,PARTICIPANT
E2,U-c8a7b879,PARTICIPANT
E2,U-6a6cfc18,PARTICIPANT
E2,U-f2f2a226,PARTICIPANT
E2,U-6b42fe3a,PARTICIPANT
E2,U-0db9311f,PARTICIPANT
E2,U-960f7194,PARTICIPANT
E2,U-5b6cacf0,PARTICIPANT
E2,U-e8809f02,PARTICIPANT
E2,U-1bd7b39e,PARTICIPANT
E2,U-00938c6a,PARTICIPANT
E2,U-082ce2db,PARTICIPANT
E2,U-e55339e9,PARTICIPANT
E2,U-e1b7abe2,PARTICIPANT
E2,U-0b350dc9,PARTICIPANT
E2,U-df3704e7,PARTICIPANT
E2,U-a8f2dcef,PARTICIPANT
E2,U-9e2ecb52,PARTICIPANT
E2,U-601dc0be,PARTICIPANT
E2,U-ce1edced,PARTICIPANT
E2,U-c49edbc6,PARTICIPANT
E2,U-e6e36eb5,PARTICIPANT
E2,U-11569311,PARTICIPANT
E2,U-a68cf27e,PARTICIPANT
E2,U-459d67df,PARTICIPANT
E2,U-03eebdfc,PARTICIPANT
E2,U-30421ab8,PARTICIPANT
E2,U-41673bd9,PARTICIPANT
E2,U-9a112ef4,PARTICIPANT
E2,U-8dd09332,PARTICIPANT
E2,U-4818bc81,PARTICIPANT
E2,U-7108558f,PARTICIPANT
E2,U-3298d2e5,PARTICIPANT
E3,P-ffb6be32,PRESENTER
E3,U-b7d34922,PARTICIPANT
E3,U-b772cdc4,PARTICIPANT
E3,U-2b7fe4cf,PARTICIPANT
E3,U-6202d1f4,PARTICIPANT
E3,U-89c77634,PARTICIPANT
E3,U-40afae13,PARTICIPANT
E3,U-d74e4383,PARTICIPANT
E3,U-feb73ee7,PARTICIPANT
E3,U-d09c4c46,PARTICIPANT
E3,U-364914e9,PARTICIPANT
E3,U-b0bde885,PARTICIPANT
E3,U-b95bc3ab,PARTICIPANT
E3,U-5f405390,PARTICIPANT
E3,U-a0aa075f,PARTICIPANT
E3,U-d3ebece1,PARTICIPANT
E3,U-13da9a6c,PARTICIPANT
E3,U-4f3414f2,PARTICIPANT
E3,U-97147840,PARTICIPANT
E3,U-9d524e39,PARTICIPANT
E3,U-2d699e88,PARTICIPANT
E3,U-dd336747,PARTICIPANT
E3,U-d6c67ed6,PARTICIPANT
E3,U-2e14cb70,PARTICIPANT
E3,U-1890fbde,PARTICIPANT
E3,U-7ac7816e,PARTICIPANT
E3,U-5eb6f3f9,PARTICIPANT
E3,U-a15bdb80,PARTICIPANT
E3,U-045f16e1,PARTICIPANT
E3,U-c3371461,PARTICIPANT
E3,U-d9ccd832,PARTICIPANT
E3,U-0fd6fb44,PARTICIPANT
E3,U-c0feac84,PARTICIPANT
E3,U-6d4085e6,PARTICIPANT
E3,U-0c6d790f,PARTICIPANT
E3,U-5688c628,PARTICIPANT
E3,U-aaf0ae47,PARTICIPANT
E3,U-406759d7,PARTICIPANT
E3,U-07ea3e01,PARTICIPANT
E3,U-e6555c83,PARTICIPANT
E3,U-eda48edc,PARTICIPANT
E3,U-2dff1535,PARTICIPANT
E3,U-9ea017a5,PARTICIPANT
E3,U-9f37f7fd,PARTICIPANT
E3,U-b9310305,PARTICIPANT
E3,U-b083ed3d,PARTICIPANT
E3,U-057de8ca,PARTICIPANT
E3,U-0e276689,PARTICIPANT
E3,U-2b7196c8,PARTICIPANT
E3,U-ec6d93bc,PARTICIPANT
E3,U-45e72c0a,PARTICIPANT
E4,P-263329c4,PRESENTER
E4,U-3e470f36,PARTICIPANT
E4,U-b4233ac6,PARTICIPANT
E4,U-d047216b,PARTICIPANT
E4,U-e37d6269,PARTICIPANT
E4,U-cdb56618,PARTICIPANT
E4,U-ffd411f1,PARTICIPANT
E4,U-653bf912,PARTICIPANT
E4,U-61b112bd,PARTICIPANT
E4,U-4029a3f7,PARTICIPANT
E4,U-37cede36,PARTICIPANT
E4,U-d944de7a,PARTICIPANT
E4,U-1d4633af,PARTICIPANT
E4,U-94144e18,PARTICIPANT
E4,U-26d24ccb,PARTICIPANT
E4,U-4dcd6d35,PARTICIPANT
E4,U-13611d4a,PARTICIPANT
E4,U-0361b307,PARTICIPANT
E4,U-cbe84a26,PARTICIPANT
E4,U-75461333,PARTICIPANT
E4,U-c6acee6b,PARTICIPANT
E4,U-cb3ac79e,PARTICIPANT
E4,U-4b3a324b,PARTICIPANT
E4,U-32255017,PARTICIPANT
E4,U-cca1bcd4,PARTICIPANT
E4,U-efd5019c,PARTICIPANT
E4,U-1e95e2ed,PARTICIPANT
E4,U-8c97cbd4,PARTICIPANT
E4,U-1ddaf0fe,PARTICIPANT
E4,U-563274ec,PARTICIPANT
E4,U-9927582e,PARTICIPANT
E4,U-6e214c66,PARTICIPANT
E4,U-c253ed21,PARTICIPANT
E4,U-7458569d,PARTICIPANT
E4,U-23a1632f,PARTICIPANT
E4,U-4963f8e0,PARTICIPANT
E4,U-a2b9f86d,PARTICIPANT
E4,U-35d738dd,PARTICIPANT
E4,U-40bc6300,PARTICIPANT
E4,U-3449b8fc,PARTICIPANT
E4,U-fda9bed2,PARTICIPANT
E4,U-214c7305,PARTICIPANT
E4,U-c7008b25,PARTICIPANT
E4,U-241d2911,PARTICIPANT
E4,U-539de473,PARTICIPANT
E4,U-120b5941,PARTICIPANT
E4,U-564d0951,PARTICIPANT
E4,U-d3625cd1,PARTICIPANT
E4,U-c0f3941c,PARTICIPANT
E4,U-aed15e23,PARTICIPANT
E4,U-ad8da4f6,PARTICIPANT
C1,P-593de0cf,PRESENTER
C1,U-7e124706,PARTICIPANT
C1,U-0a94fd2c,PARTICIPANT
C1,U-cb730bcd,PARTICIPANT
C1,U-9699b752,PARTICIPANT
C1,U-83fc8195,PARTICIPANT
C1,U-132e49a6,PARTICIPANT
C1,U-7699c643,PARTICIPANT
C1,U-e6c9fc3d,PARTICIPANT
C1,U-24124cd5,PARTICIPANT
C1,U-329a1a38,PARTICIPANT
C1,U-ac230926,PARTICIPANT
C1,U-f42a2d4e,PARTICIPANT
C1,U-6e2a53ea,PARTICIPANT
C1,U-2070643f,PARTICIPANT
C1,U-821a133d,PARTICIPANT
C1,U-a48d775d,PARTICIPANT
C1,U-9a8be6cf,PARTICIPANT
C1,U-e0b72325,PARTICIPANT
C1,U-6810b297,PARTICIPANT
C1,U-206aeca3,PARTICIPANT
C1,U-80e62b2f,PARTICIPANT
C1,U-88585691,PARTICIPANT
C1,U-80a39afc,PARTICIPANT
C1,U-e8956f0b,PARTICIPANT
C1,U-82848560,PARTICIPANT
C1,U-aa9da8d0,PARTICIPANT
C1,U-38292868,PARTICIPANT
C1,U-9c42bac5,PARTICIPANT
C1,U-eee0a985,PARTICIPANT
C1,U-8030b70d,PARTICIPANT
C1,U-18f170b3,PARTICIPANT
C1,U-07b9888e,PARTICIPANT
C1,U-a852c8a3,PARTICIPANT
C1,U-301d0f46,PARTICIPANT
C1,U-00838f0b,PARTICIPANT
C1,U-328f9698,PARTICIPANT
C1,U-a4a1f298,PARTICIPANT
C1,U-1cb4c5ff,PARTICIPANT
C1,U-f9ed05ee,PARTICIPANT
C1,U-6f880f10,PARTICIPANT
C1,U-3718b12d,PARTICIPANT
C1,U-119607e0,PARTICIPANT
C1,U-54ca3f38,PARTICIPANT
C1,U-f0d5a714,PARTICIPANT
C1,U-d00f0136,PARTICIPANT
C1,U-4a19bfc2,PARTICIPANT
C1,U-7b23bcaa,PARTICIPANT
C1,U-b9fed19a,PARTICIPANT
C1,U-c9537b55,PARTICIPANT
C1,U-101cfdba,PARTICIPANT
W1,P-2868e59f,PRESENTER
W1,U-29ac686c,PARTICIPANT
W1,U-6883e0fc,PARTICIPANT
W1,U-60daed7a,PARTICIPANT
W1,U-2f027355,PARTICIPANT
W1,U-f394131b,PARTICIPANT
W1,U-02bcbbf8,PARTICIPANT
W1,U-fb76a1ec,PARTICIPANT
W1,U-cee75841,PARTICIPANT
W1,U-20113ed0,PARTICIPANT
W1,U-e5313437,PARTICIPANT
W1,U-5b279a63,PARTICIPANT
W1,U-f23c2b56,PARTICIPANT
W1,U-1e7b1ce6,PARTICIPANT
W1,U-b4d9e7ad,PARTICIPANT
W1,U-20adf1b7,PARTICIPANT
W1,U-6b5fdfb9,PARTICIPANT
W1,U-cc3ab215,PARTICIPANT
W1,U-a390a1dd,PARTICIPANT
W1,U-d13ee1b5,PARTICIPANT
W1,U-a7138443,PARTICIPANT
W1,U-69a003d6,PARTICIPANT
W1,U-21b80970,PARTICIPANT
W1,U-eabcb8ea,PARTICIPANT
W1,U-65d5da36,PARTICIPANT
W1,U-76d2e3ec,PARTICIPANT
W1,U-aeeb8f8e,PARTICIPANT
W1,U-d1f01bf5,PARTICIPANT
W1,U-c861424c,PARTICIPANT
W1,U-1d1a7c6e,PARTICIPANT
W1,U-9a44371c,PARTICIPANT
W1,U-86ea73e4,PARTICIPANT
W1,U-85b030b0,PARTICIPANT
W1,U-9848de31,PARTICIPANT
W1,U-b815fbea,PARTICIPANT
W1,U-544e4359,PARTICIPANT
W1,U-984ad682,PARTICIPANT
W1,U-83863fc9,PARTICIPANT
W1,U-451c90f4,PARTICIPANT
W1,U-48a7ff4d,PARTICIPANT
W1,U-223ba7f8,PARTICIPANT
W1,U-871be06c,PARTICIPANT
W1,U-eb2406ac,PARTICIPANT
W1,U-1bff3330,PARTICIPANT
W1,U-843fc967,PARTICIPANT
W1,U-3db6fb63,PARTICIPANT
W1,U-8732a931,PARTICIPANT
W1,U-66a3ff63,PARTICIPANT
W1,U-5f5019d1,PARTICIPANT
W1,U-41fece83,PARTICIPANT
W1,U-6d9827db,PARTICIPANT
W2,P-122eb88a,PRESENTER
W2,U-df44f873,PARTICIPANT
W2,U-7c0ac048,PARTICIPANT
W2,U-668d8082,PARTICIPANT
W2,U-f9645ce8,PARTICIPANT
W2,U-7742da5f,PARTICIPANT
W2,U-c05c6bff,PARTICIPANT
W2,U-7b785487,PARTICIPANT
W2,U-92453a7c,PARTICIPANT
W2,U-4393ab9a,PARTICIPANT
W2,U-243bafb1,PARTICIPANT
W2,U-647b0dcc,PARTICIPANT
W2,U-35650581,PARTICIPANT
W2,U-f062a051,PARTICIPANT
W2,U-401b4c1b,PARTICIPANT
W2,U-25bdf2c1,PARTICIPANT
W2,U-18ff7693,PARTICIPANT
W2,U-3d47b609,PARTICIPANT
W2,U-4e402f23,PARTICIPANT
W2,U-85762fa9,PARTICIPANT
W2,U-12675c7c,PARTICIPANT
W2,U-7b5a8d4d,PARTICIPANT
W2,U-9cab2eee,PARTICIPANT
W2,U-8d05a58e,PARTICIPANT
W2,U-a5a39ea8,PARTICIPANT
W2,U-8a007634,PARTICIPANT
W2,U-f632c785,PARTICIPANT
W2,U-8a93ebe3,PARTICIPANT
W2,U-e840d193,PARTICIPANT
W2,U-ac6d8af4,PARTICIPANT
W2,U-af6a237b,PARTICIPANT
W2,U-9b774ad5,PARTICIPANT
W2,U-a086de78,PARTICIPANT
W2,U-0d31da82,PARTICIPANT
W2,U-b1863e2d,PARTICIPANT
W2,U-b79b657e,PARTICIPANT
W2,U-46782906,PARTICIPANT
W2,U-352436d6,PARTICIPANT
W2,U-8875bd0b,PARTICIPANT
W2,U-80c1190c,PARTICIPANT
W2,U-1c4e9181,PARTICIPANT
W2,U-d6f7af5a,PARTICIPANT
W2,U-80e6c2d8,PARTICIPANT
W2,U-c6efad3c,PARTICIPANT
W2,U-676b774f,PARTICIPANT
W2,U-edf26ea0,PARTICIPANT
W2,U-0cd9c4cf,PARTICIPANT
W2,U-89b46819,PARTICIPANT
W2,U-d2201fbc,PARTICIPANT
W2,U-72123c55,PARTICIPANT
W2,U-ef76465f,PARTICIPANT
W3,P-b3ebcbd7,PRESENTER
W3,U-387bdf1a,PARTICIPANT
W3,U-0bec45a5,PARTICIPANT
W3,U-73bf0047,PARTICIPANT
W3,U-e73a3137,PARTICIPANT
W3,U-ea9d25eb,PARTICIPANT
W3,U-c81d2089,PARTICIPANT
W3,U-ad96a7f2,PARTICIPANT
W3,U-9204c202,PARTICIPANT
W3,U-a5f619fe,PARTICIPANT
W3,U-e25d89a8,PARTICIPANT
W3,U-85049ae5,PARTICIPANT
W3,U-62034fa3,PARTICIPANT
W3,U-fbd390f2,PARTICIPANT
W3,U-1f3dcab1,PARTICIPANT
W3,U-c035a344,PARTICIPANT
W3,U-f3645e54,PARTICIPANT
W3,U-e756dbbd,PARTICIPANT
W3,U-d37bc533,PARTICIPANT
W3,U-e8247814,PARTICIPANT
W3,U-0fe8dd2e,PARTICIPANT
W3,U-d7392d42,PARTICIPANT
W3,U-fa200920,PARTICIPANT
W3,U-273de487,PARTICIPANT
W3,U-11e4f732,PARTICIPANT
W3,U-d97a9f95,PARTICIPANT
W3,U-b5ce0b9f,PARTICIPANT
W3,U-61e07ccc,PARTICIPANT
W3,U-7552594a,PARTICIPANT
W3,U-33909782,PARTICIPANT
W3,U-37ac24e4,PARTICIPANT
W3,U-24569ebe,PARTICIPANT
W3,U-b411f7f2,PARTICIPANT
W3,U-1ca70d25,PARTICIPANT
W3,U-4e37e547,PARTICIPANT
W3,U-d21c5308,PARTICIPANT
W3,U-59769ad8,PARTICIPANT
W3,U-50f90a28,PARTICIPANT
W3,U-589c6e3c,PARTICIPANT
W3,U-0c1b5126,PARTICIPANT
W3,U-1de2174c,PARTICIPANT
W3,U-272594ae,PARTICIPANT
W3,U-2b9f490a,PARTICIPANT
W3,U-eb4ce869,PARTICIPANT
W3,U-25200292,PARTICIPANT
W3,U-6fc7e2bf,PARTICIPANT
W3,U-95401335,PARTICIPANT
W3,U-e50ddfc1,PARTICIPANT
W3,U-e40f3920,PARTICIPANT
W3,U-0ea59b3d,PARTICIPANT
W3,U-276a6c1f,PARTICIPANT
W4,P-cafdf6e9,PRESENTER
W4,U-1560bcb9,PARTICIPANT
W4,U-590a849a,PARTICIPANT
W4,U-99c94aa3,PARTICIPANT
W4,U-132c364b,PARTICIPANT
W4,U-c996f391,PARTICIPANT
W4,U-ed59304a,PARTICIPANT
W4,U-91597b37,PARTICIPANT
W4,U-7896e66c,PARTICIPANT
W4,U-28133548,PARTICIPANT
W4,U-306d29ea,PARTICIPANT
W4,U-000179d9,PARTICIPANT
W4,U-688f72b0,PARTICIPANT
W4,U-e192cc56,PARTICIPANT
W4,U-5f4ff51a,PARTICIPANT
W4,U-c212abbd,PARTICIPANT
W4,U-9c405b09,PARTICIPANT
W4,U-0d5f8538,PARTICIPANT
W4,U-7045eee8,PARTICIPANT
W4,U-23e406a5,PARTICIPANT
W4,U-f68ac71d,PARTICIPANT
W4,U-cb3a7377,PARTICIPANT
W4,U-594e47ae,PARTICIPANT
W4,U-618b4e66,PARTICIPANT
W4,U-307cbf5d,PARTICIPANT
W4,U-a53af8ee,PARTICIPANT
W4,U-b377a56b,PARTICIPANT
W4,U-19780b41,PARTICIPANT
W4,U-96e72fc5,PARTICIPANT
W4,U-3950b030,PARTICIPANT
W4,U-6a9c1dc2,PARTICIPANT
W4,U-d8a5286e,PARTICIPANT
W4,U-96ef4abe,PARTICIPANT
W4,U-921cc2a0,PARTICIPANT
W4,U-06b13ad4,PARTICIPANT
W4,U-11137e09,PARTICIPANT
W4,U-9716ea88,PARTICIPANT
W4,U-c613badd,PARTICIPANT
W4,U-4d1abfc6,PARTICIPANT
W4,U-b5fde0f9,PARTICIPANT
W4,U-0a66a8a5,PARTICIPANT
W4,U-16b755ee,PARTICIPANT
W4,U-5d8c9327,PARTICIPANT
W4,U-36a0da9b,PARTICIPANT
W4,U-ca3fb3de,PARTICIPANT
W4,U-ccce63de,PARTICIPANT
W4,U-7492db54,PARTICIPANT
W4,U-ceb17515,PARTICIPANT
W4,U-681646ba,PARTICIPANT
W4,U-bbfd9bc5,PARTICIPANT
W4,U-f2bd589c,PARTICIPANT